id,path
JPCLN001,JSRT/PNG_data/JPCLN001.png
JPCLN002,JSRT/PNG_data/JPCLN002.png
JPCLN003,JSRT/PNG_data/JPCLN003.png
JPCLN004,JSRT/PNG_data/JPCLN004.png
JPCLN005,JSRT/PNG_data/JPCLN005.png
JPCLN006,JSRT/PNG_data/JPCLN006.png
JPCLN007,JSRT/PNG_data/JPCLN007.png
JPCLN008,JSRT/PNG_data/JPCLN008.png
JPCLN009,JSRT/PNG_data/JPCLN009.png
JPCLN011,JSRT/PNG_data/JPCLN011.png
JPCLN012,JSRT/PNG_data/JPCLN012.png
JPCLN013,JSRT/PNG_data/JPCLN013.png
JPCLN014,JSRT/PNG_data/JPCLN014.png
JPCLN015,JSRT/PNG_data/JPCLN015.png
JPCLN016,JSRT/PNG_data/JPCLN016.png
JPCLN017,JSRT/PNG_data/JPCLN017.png
JPCLN019,JSRT/PNG_data/JPCLN019.png
JPCLN020,JSRT/PNG_data/JPCLN020.png
JPCLN021,JSRT/PNG_data/JPCLN021.png
JPCLN022,JSRT/PNG_data/JPCLN022.png
JPCLN023,JSRT/PNG_data/JPCLN023.png
JPCLN024,JSRT/PNG_data/JPCLN024.png
JPCLN025,JSRT/PNG_data/JPCLN025.png
JPCLN026,JSRT/PNG_data/JPCLN026.png
JPCLN027,JSRT/PNG_data/JPCLN027.png
JPCLN029,JSRT/PNG_data/JPCLN029.png
JPCLN031,JSRT/PNG_data/JPCLN031.png
JPCLN032,JSRT/PNG_data/JPCLN032.png
JPCLN033,JSRT/PNG_data/JPCLN033.png
JPCLN034,JSRT/PNG_data/JPCLN034.png
JPCLN035,JSRT/PNG_data/JPCLN035.png
JPCLN036,JSRT/PNG_data/JPCLN036.png
JPCLN038,JSRT/PNG_data/JPCLN038.png
JPCLN039,JSRT/PNG_data/JPCLN039.png
JPCLN040,JSRT/PNG_data/JPCLN040.png
JPCLN041,JSRT/PNG_data/JPCLN041.png
JPCLN042,JSRT/PNG_data/JPCLN042.png
JPCLN043,JSRT/PNG_data/JPCLN043.png
JPCLN044,JSRT/PNG_data/JPCLN044.png
JPCLN046,JSRT/PNG_data/JPCLN046.png
JPCLN047,JSRT/PNG_data/JPCLN047.png
JPCLN048,JSRT/PNG_data/JPCLN048.png
JPCLN049,JSRT/PNG_data/JPCLN049.png
JPCLN050,JSRT/PNG_data/JPCLN050.png
JPCLN051,JSRT/PNG_data/JPCLN051.png
JPCLN052,JSRT/PNG_data/JPCLN052.png
JPCLN054,JSRT/PNG_data/JPCLN054.png
JPCLN056,JSRT/PNG_data/JPCLN056.png
JPCLN057,JSRT/PNG_data/JPCLN057.png
JPCLN059,JSRT/PNG_data/JPCLN059.png
JPCLN060,JSRT/PNG_data/JPCLN060.png
JPCLN061,JSRT/PNG_data/JPCLN061.png
JPCLN062,JSRT/PNG_data/JPCLN062.png
JPCLN063,JSRT/PNG_data/JPCLN063.png
JPCLN065,JSRT/PNG_data/JPCLN065.png
JPCLN066,JSRT/PNG_data/JPCLN066.png
JPCLN067,JSRT/PNG_data/JPCLN067.png
JPCLN068,JSRT/PNG_data/JPCLN068.png
JPCLN069,JSRT/PNG_data/JPCLN069.png
JPCLN070,JSRT/PNG_data/JPCLN070.png
JPCLN072,JSRT/PNG_data/JPCLN072.png
JPCLN074,JSRT/PNG_data/JPCLN074.png
JPCLN075,JSRT/PNG_data/JPCLN075.png
JPCLN076,JSRT/PNG_data/JPCLN076.png
JPCLN077,JSRT/PNG_data/JPCLN077.png
JPCLN078,JSRT/PNG_data/JPCLN078.png
JPCLN079,JSRT/PNG_data/JPCLN079.png
JPCLN080,JSRT/PNG_data/JPCLN080.png
JPCLN081,JSRT/PNG_data/JPCLN081.png
JPCLN082,JSRT/PNG_data/JPCLN082.png
JPCLN083,JSRT/PNG_data/JPCLN083.png
JPCLN084,JSRT/PNG_data/JPCLN084.png
JPCLN085,JSRT/PNG_data/JPCLN085.png
JPCLN088,JSRT/PNG_data/JPCLN088.png
JPCLN089,JSRT/PNG_data/JPCLN089.png
JPCLN090,JSRT/PNG_data/JPCLN090.png
JPCLN091,JSRT/PNG_data/JPCLN091.png
JPCLN092,JSRT/PNG_data/JPCLN092.png
JPCLN093,JSRT/PNG_data/JPCLN093.png
JPCLN097,JSRT/PNG_data/JPCLN097.png
JPCLN098,JSRT/PNG_data/JPCLN098.png
JPCLN100,JSRT/PNG_data/JPCLN100.png
JPCLN101,JSRT/PNG_data/JPCLN101.png
JPCLN102,JSRT/PNG_data/JPCLN102.png
JPCLN103,JSRT/PNG_data/JPCLN103.png
JPCLN104,JSRT/PNG_data/JPCLN104.png
JPCLN105,JSRT/PNG_data/JPCLN105.png
JPCLN108,JSRT/PNG_data/JPCLN108.png
JPCLN110,JSRT/PNG_data/JPCLN110.png
JPCLN111,JSRT/PNG_data/JPCLN111.png
JPCLN112,JSRT/PNG_data/JPCLN112.png
JPCLN113,JSRT/PNG_data/JPCLN113.png
JPCLN115,JSRT/PNG_data/JPCLN115.png
JPCLN116,JSRT/PNG_data/JPCLN116.png
JPCLN117,JSRT/PNG_data/JPCLN117.png
JPCLN120,JSRT/PNG_data/JPCLN120.png
JPCLN121,JSRT/PNG_data/JPCLN121.png
JPCLN122,JSRT/PNG_data/JPCLN122.png
JPCLN123,JSRT/PNG_data/JPCLN123.png
JPCLN124,JSRT/PNG_data/JPCLN124.png
JPCLN125,JSRT/PNG_data/JPCLN125.png
JPCLN126,JSRT/PNG_data/JPCLN126.png
JPCLN127,JSRT/PNG_data/JPCLN127.png
JPCLN128,JSRT/PNG_data/JPCLN128.png
JPCLN129,JSRT/PNG_data/JPCLN129.png
JPCLN132,JSRT/PNG_data/JPCLN132.png
JPCLN133,JSRT/PNG_data/JPCLN133.png
JPCLN134,JSRT/PNG_data/JPCLN134.png
JPCLN135,JSRT/PNG_data/JPCLN135.png
JPCLN136,JSRT/PNG_data/JPCLN136.png
JPCLN138,JSRT/PNG_data/JPCLN138.png
JPCLN139,JSRT/PNG_data/JPCLN139.png
JPCLN140,JSRT/PNG_data/JPCLN140.png
JPCLN141,JSRT/PNG_data/JPCLN141.png
JPCLN142,JSRT/PNG_data/JPCLN142.png
JPCLN144,JSRT/PNG_data/JPCLN144.png
JPCLN145,JSRT/PNG_data/JPCLN145.png
JPCLN147,JSRT/PNG_data/JPCLN147.png
JPCLN148,JSRT/PNG_data/JPCLN148.png
JPCLN149,JSRT/PNG_data/JPCLN149.png
JPCLN150,JSRT/PNG_data/JPCLN150.png
JPCLN152,JSRT/PNG_data/JPCLN152.png
JPCLN154,JSRT/PNG_data/JPCLN154.png
JPCNN001,JSRT/PNG_data/JPCNN001.png
JPCNN002,JSRT/PNG_data/JPCNN002.png
JPCNN004,JSRT/PNG_data/JPCNN004.png
JPCNN006,JSRT/PNG_data/JPCNN006.png
JPCNN008,JSRT/PNG_data/JPCNN008.png
JPCNN009,JSRT/PNG_data/JPCNN009.png
JPCNN010,JSRT/PNG_data/JPCNN010.png
JPCNN011,JSRT/PNG_data/JPCNN011.png
JPCNN014,JSRT/PNG_data/JPCNN014.png
JPCNN015,JSRT/PNG_data/JPCNN015.png
JPCNN016,JSRT/PNG_data/JPCNN016.png
JPCNN018,JSRT/PNG_data/JPCNN018.png
JPCNN019,JSRT/PNG_data/JPCNN019.png
JPCNN021,JSRT/PNG_data/JPCNN021.png
JPCNN022,JSRT/PNG_data/JPCNN022.png
JPCNN023,JSRT/PNG_data/JPCNN023.png
JPCNN024,JSRT/PNG_data/JPCNN024.png
JPCNN025,JSRT/PNG_data/JPCNN025.png
JPCNN026,JSRT/PNG_data/JPCNN026.png
JPCNN028,JSRT/PNG_data/JPCNN028.png
JPCNN029,JSRT/PNG_data/JPCNN029.png
JPCNN030,JSRT/PNG_data/JPCNN030.png
JPCNN031,JSRT/PNG_data/JPCNN031.png
JPCNN032,JSRT/PNG_data/JPCNN032.png
JPCNN033,JSRT/PNG_data/JPCNN033.png
JPCNN034,JSRT/PNG_data/JPCNN034.png
JPCNN035,JSRT/PNG_data/JPCNN035.png
JPCNN037,JSRT/PNG_data/JPCNN037.png
JPCNN038,JSRT/PNG_data/JPCNN038.png
JPCNN039,JSRT/PNG_data/JPCNN039.png
JPCNN040,JSRT/PNG_data/JPCNN040.png
JPCNN041,JSRT/PNG_data/JPCNN041.png
JPCNN042,JSRT/PNG_data/JPCNN042.png
JPCNN043,JSRT/PNG_data/JPCNN043.png
JPCNN044,JSRT/PNG_data/JPCNN044.png
JPCNN045,JSRT/PNG_data/JPCNN045.png
JPCNN046,JSRT/PNG_data/JPCNN046.png
JPCNN047,JSRT/PNG_data/JPCNN047.png
JPCNN048,JSRT/PNG_data/JPCNN048.png
JPCNN049,JSRT/PNG_data/JPCNN049.png
JPCNN050,JSRT/PNG_data/JPCNN050.png
JPCNN051,JSRT/PNG_data/JPCNN051.png
JPCNN052,JSRT/PNG_data/JPCNN052.png
JPCNN053,JSRT/PNG_data/JPCNN053.png
JPCNN056,JSRT/PNG_data/JPCNN056.png
JPCNN059,JSRT/PNG_data/JPCNN059.png
JPCNN060,JSRT/PNG_data/JPCNN060.png
JPCNN062,JSRT/PNG_data/JPCNN062.png
JPCNN063,JSRT/PNG_data/JPCNN063.png
JPCNN065,JSRT/PNG_data/JPCNN065.png
JPCNN067,JSRT/PNG_data/JPCNN067.png
JPCNN068,JSRT/PNG_data/JPCNN068.png
JPCNN069,JSRT/PNG_data/JPCNN069.png
JPCNN070,JSRT/PNG_data/JPCNN070.png
JPCNN071,JSRT/PNG_data/JPCNN071.png
JPCNN072,JSRT/PNG_data/JPCNN072.png
JPCNN073,JSRT/PNG_data/JPCNN073.png
JPCNN074,JSRT/PNG_data/JPCNN074.png
JPCNN075,JSRT/PNG_data/JPCNN075.png
JPCNN076,JSRT/PNG_data/JPCNN076.png
JPCNN077,JSRT/PNG_data/JPCNN077.png
JPCNN078,JSRT/PNG_data/JPCNN078.png
JPCNN079,JSRT/PNG_data/JPCNN079.png
JPCNN080,JSRT/PNG_data/JPCNN080.png
JPCNN082,JSRT/PNG_data/JPCNN082.png
JPCNN083,JSRT/PNG_data/JPCNN083.png
JPCNN084,JSRT/PNG_data/JPCNN084.png
JPCNN085,JSRT/PNG_data/JPCNN085.png
JPCNN086,JSRT/PNG_data/JPCNN086.png
JPCNN087,JSRT/PNG_data/JPCNN087.png
JPCNN088,JSRT/PNG_data/JPCNN088.png
JPCNN090,JSRT/PNG_data/JPCNN090.png
JPCNN091,JSRT/PNG_data/JPCNN091.png
JPCNN092,JSRT/PNG_data/JPCNN092.png
